Location,Codon,Sequences,Tree Length,α,β,p-value,Class
21563,S/1,4773,1.81116,10000,0.875456,0.00118945,Purifying
21566,S/2,4773,1.3083,0,0.670312,0.163507,Neutral
21569,S/3,4773,2.55906,0,5.23885,0.00000446301,Diversifying
21572,S/4,4773,0.125673,0,0,1,Invariable
21575,S/5,4773,12.8093,0.213367,13.9262,4.79672e-12,Diversifying
21578,S/6,4773,2.09087,0.134641,1.72673,0.0525394,Neutral
21581,S/7,4773,2.29968,2.66132,0,0.0396955,Purifying
21584,S/8,4773,0.793486,0.423173,0,0.28536,Neutral
21587,S/9,4773,2.32394,1.32899,0,0.0660599,Neutral
21590,S/10,4773,1.37539,1.4927,0,0.0981584,Neutral
21593,S/11,4773,2.19242,2.4663,0,0.0124654,Purifying
21596,S/12,4773,2.86771,0.225068,3.11118,0.00671715,Diversifying
21599,S/13,4773,1.48499,0.322524,0.736828,0.571807,Neutral
21602,S/14,4773,3.9165,0.915507,3.3944,0.0946984,Neutral
21605,S/15,4773,0.864918,0.593251,0,0.244856,Neutral
21608,S/16,4773,1.71046,0.631126,1.34794,0.463268,Neutral
21611,S/17,4773,2.48635,1.00287,0,0.200906,Neutral
21614,S/18,4773,6.66252,0.69798,8.49078,0.0000111625,Diversifying
21617,S/19,4773,11.2878,1.33774,13.8325,0.0000108404,Diversifying
21620,S/20,4773,5.50268,3.80839,2.48385,0.451217,Neutral
21623,S/21,4773,4.68953,0.941106,4.14857,0.0610599,Neutral
21626,S/22,4773,3.83063,1.19043,0.829786,0.726896,Neutral
21629,S/23,4773,1.90153,0,1.30339,0.156284,Neutral
21632,S/24,4773,2.34137,0.793437,5.66147,0.0351699,Diversifying
21635,S/25,4773,3.50048,2.17318,2.32049,0.929569,Neutral
21638,S/26,4773,7.50057,0.95432,7.3119,0.00456693,Diversifying
21641,S/27,4773,11.341,1.01744,16.7915,1.91815e-8,Diversifying
21644,S/28,4773,3.37335,2.38852,0,0.0351293,Purifying
21647,S/29,4773,2.96719,0.842648,4.13702,0.021153,Diversifying
21650,S/30,4773,2.16632,1.47547,0,0.11913,Neutral
21653,S/31,4773,0.847824,0.683171,0,0.194346,Neutral
21656,S/32,4773,2.48449,2.21317,0,0.0148406,Purifying
21659,S/33,4773,2.31433,0.499112,0.819274,0.708438,Neutral
21662,S/34,4773,1.35619,1.17809,0.904273,0.823995,Neutral
21665,S/35,4773,0.780267,0.183827,0,0.496053,Neutral
21668,S/36,4773,0.705656,0.618042,0.737564,0.879827,Neutral
21671,S/37,4773,0.409086,0.593688,0,0.30655,Neutral
21674,S/38,4773,0.464475,0.581162,0,0.293873,Neutral
21677,S/39,4773,1.07224,1.45598,0,0.0441968,Purifying
21680,S/40,4773,0.924548,0.831557,0,0.163553,Neutral
21683,S/41,4773,0.768895,0.80621,0,0.301638,Neutral
21686,S/42,4773,0.945699,0.42293,0,0.318364,Neutral
21689,S/43,4773,2.71151,2.75154,0,0.0056693,Purifying
21692,S/44,4773,0.544742,0.456808,0,0.346252,Neutral
21695,S/45,4773,1.45237,1.02414,0,0.0990876,Neutral
21698,S/46,4773,1.60864,1.69945,0.848874,0.496773,Neutral
21701,S/47,4773,0.779625,0,0,1,Invariable
21704,S/48,4773,1.03199,0.579406,0,0.323516,Neutral
21707,S/49,4773,4.22406,0,2.22176,0.0121137,Diversifying
21710,S/50,4773,2.50661,1.7966,0,0.140064,Neutral
21713,S/51,4773,2.53826,1.12306,2.48053,0.308062,Neutral
21716,S/52,4773,5.29272,2.43314,3.41948,0.593384,Neutral
21719,S/53,4773,2.39937,2.38824,0,0.0186741,Purifying
21722,S/54,4773,3.56973,2.16055,2.96684,0.600373,Neutral
21725,S/55,4773,1.89157,2.3845,0,0.00961246,Purifying
21728,S/56,4773,0.498787,0.444666,0,0.37629,Neutral
21731,S/57,4773,0.660769,0.978795,0,0.0973917,Neutral
21734,S/58,4773,1.69711,2.11876,0,0.0144848,Purifying
21737,S/59,4773,2.08935,1.4816,1.3291,0.906765,Neutral
21740,S/60,4773,2.72442,3.34315,0,0.00279636,Purifying
21743,S/61,4773,0.937436,0.593727,0,0.312217,Neutral
21746,S/62,4773,1.35433,0.517436,0.738784,0.770273,Neutral
21749,S/63,4773,0.433128,0.415271,0,0.341422,Neutral
21752,S/64,4773,3.49305,8.72339,1.91131,0.844184,Neutral
21755,S/65,4773,0.946443,0.885191,0,0.11757,Neutral
21758,S/66,4773,2.04847,1.49518,0.742117,0.505095,Neutral
21761,S/67,4773,7.07476,1.29926,7.30052,0.000807712,Diversifying
21764,S/68,4773,15.0366,18.4818,2.48647,0.00000365014,Purifying
21767,S/69,4773,6.43094,0.494441,9.13246,0.000372468,Diversifying
21770,S/70,4773,5.21999,2.24316,7.53981,0.0143183,Diversifying
21773,S/71,4773,1.79316,0.889559,0,0.200006,Neutral
21776,S/72,4773,2.28398,1.50479,0,0.0470995,Purifying
21779,S/73,4773,1.07762,0.380657,0,0.369282,Neutral
21782,S/74,4773,0.97769,0.596801,0,0.341124,Neutral
21785,S/75,4773,3.82708,0.49316,2.14935,0.0982789,Neutral
21788,S/76,4773,3.32308,0,1.72184,0.0106064,Diversifying
21791,S/77,4773,2.31211,1.06594,0.790411,0.790661,Neutral
21794,S/78,4773,2.30808,0.567888,1.26167,0.42572,Neutral
21797,S/79,4773,0.343374,0,0,1,Invariable
21800,S/80,4773,9.0552,3.26283,6.32631,0.202315,Neutral
21803,S/81,4773,1.01545,0.574353,0,0.296013,Neutral
21806,S/82,4773,1.31675,0.780921,0.617004,0.834774,Neutral
21809,S/83,4773,5.87689,2.49448,5.29189,0.105158,Neutral
21812,S/84,4773,4.17012,3.12863,1.04192,0.201033,Neutral
21815,S/85,4773,1.68379,2.37686,0.560324,0.128259,Neutral
21818,S/86,4773,0.855047,0.534081,1.40676,0.397369,Neutral
21821,S/87,4773,1.92109,1.46719,0,0.120202,Neutral
21824,S/88,4773,2.10265,0.723591,0,0.230407,Neutral
21827,S/89,4773,0.260908,0.202562,0,0.477823,Neutral
21830,S/90,4773,1.24447,0.868821,0,0.152474,Neutral
21833,S/91,4773,2.38932,2.57775,0,0.0358308,Purifying
21836,S/92,4773,0.463664,0,0,1,Invariable
21839,S/93,4773,0.795581,0.621639,0,0.209879,Neutral
21842,S/94,4773,0.97837,0.368289,0.70031,0.592391,Neutral
21845,S/95,4773,11.2979,1.02069,14.6539,2.16748e-8,Diversifying
21848,S/96,4773,2.20389,0.84495,0.795349,0.956701,Neutral
21851,S/97,4773,2.02715,0,1.59158,0.0382914,Diversifying
21854,S/98,4773,3.7574,0.262494,4.26258,0.000691731,Diversifying
21857,S/99,4773,2.08978,2.62628,0,0.0250739,Purifying
21860,S/100,4773,1.20731,0.813533,0.865183,0.967811,Neutral
21863,S/101,4773,0.603749,0,0,1,Invariable
21866,S/102,4773,1.90847,1.90652,0.850999,0.474475,Neutral
21869,S/103,4773,0.308083,0.390604,0,0.307921,Neutral
21872,S/104,4773,0,0.116703,0,1,Neutral
21875,S/105,4773,0.930498,0.233313,0,0.500502,Neutral
21878,S/106,4773,0.623509,1.101,0,0.10545,Neutral
21881,S/107,4773,0.556886,0.802612,0,0.157649,Neutral
21884,S/108,4773,1.08273,1.15644,0,0.114127,Neutral
21887,S/109,4773,1.33603,1.01651,1.633,0.587089,Neutral
21890,S/110,4773,1.86033,1.88168,1.88278,1,Neutral
21893,S/111,4773,2.41048,2.26823,0,0.0344857,Purifying
21896,S/112,4773,2.04104,1.36627,1.18406,0.877106,Neutral
21899,S/113,4773,1.60653,1.54453,0,0.11298,Neutral
21902,S/114,4773,0.521123,0.645646,0,0.219604,Neutral
21905,S/115,4773,0.816613,1.25219,0,0.112727,Neutral
21908,S/116,4773,1.3485,1.35236,0,0.0572142,Neutral
21911,S/117,4773,1.15751,1.01671,0,0.173927,Neutral
21914,S/118,4773,0.923461,0.396921,0,0.315195,Neutral
21917,S/119,4773,0.543351,0.604988,0,0.262506,Neutral
21920,S/120,4773,0.69645,0.188952,0,0.501903,Neutral
21923,S/121,4773,0.996971,1.47758,0,0.113409,Neutral
21926,S/122,4773,1.23755,1.35316,0,0.108191,Neutral
21929,S/123,4773,0.706598,0.446002,0.683885,0.733735,Neutral
21932,S/124,4773,0.872015,0.83277,0,0.177277,Neutral
21935,S/125,4773,0,0,0,1,Invariable
21938,S/126,4773,0.57161,0.235399,0.736752,0.429703,Neutral
21941,S/127,4773,0.519929,0.192159,0,0.49631,Neutral
21944,S/128,4773,0.826853,0.53961,0.806324,0.750048,Neutral
21947,S/129,4773,0.185866,0,0,1,Invariable
21950,S/130,4773,1.37703,1.58361,0,0.0450497,Purifying
21953,S/131,4773,0,0,0,1,Invariable
21956,S/132,4773,1.88357,0.763562,0,0.319894,Neutral
21959,S/133,4773,0.18105,0.292485,0,0.393323,Neutral
21962,S/134,4773,1.09411,0.958528,0,0.284351,Neutral
21965,S/135,4773,0.112371,0,0,1,Invariable
21968,S/136,4773,0.37462,0.452252,0,0.296131,Neutral
21971,S/137,4773,2.21595,1.79829,0.338581,0.373225,Neutral
21974,S/138,4773,7.78854,1.67964,7.3118,0.0124235,Diversifying
21977,S/139,4773,1.10857,1.51172,0,0.0465476,Purifying
21980,S/140,4773,0.781049,0.69056,0,0.368494,Neutral
21983,S/141,4773,0.96126,0.406827,0,0.306989,Neutral
21986,S/142,4773,28.2137,3.85299,34.965,4.17444e-14,Diversifying
21989,S/143,4773,1.84196,0.905911,0,0.151791,Neutral
21992,S/144,4773,10.406,9.54309,7.72404,0.662658,Neutral
21995,S/145,4773,6.80809,1.14078,8.37894,0.000360147,Diversifying
21998,S/146,4773,10.5365,3.8479,7.81807,0.0807685,Neutral
22001,S/147,4773,8.23314,0,9.69452,0.000135995,Diversifying
22004,S/148,4773,3.85739,0.921585,2.009,0.370005,Neutral
22007,S/149,4773,1.02924,0.578163,0,0.294259,Neutral
22010,S/150,4773,3.08461,1.35836,2.20772,0.651279,Neutral
22013,S/151,4773,2.29345,0,0.755097,0.178494,Neutral
22016,S/152,4773,7.73607,0,6.49506,0.0205048,Diversifying
22019,S/153,4773,8.91364,12.4687,3.76151,0.347445,Neutral
22022,S/154,4773,2.19711,0.908211,1.0925,0.89756,Neutral
22025,S/155,4773,1.03562,0,0,1,Invariable
22028,S/156,4773,3.618,1.25204,1.85476,0.675149,Neutral
22031,S/157,4773,7.33345,1.12983,11.2181,6.89911e-7,Diversifying
22034,S/158,4773,7.5972,0.480306,11.9644,0.00000294459,Diversifying
22037,S/159,4773,0.269967,0.203332,0,0.486379,Neutral
22040,S/160,4773,0.843985,1.25985,0,0.140052,Neutral
22043,S/161,4773,0.853062,0.6775,0,0.194863,Neutral
22046,S/162,4773,0.578998,0,0,1,Invariable
22049,S/163,4773,2.32332,1.76849,0,0.0301797,Purifying
22052,S/164,4773,2.5987,1.37324,1.03506,0.790255,Neutral
22055,S/165,4773,0,0,0,1,Invariable
22058,S/166,4773,0.178384,0.232202,0,0.430449,Neutral
22061,S/167,4773,0.606895,0.284532,2.12404,0.0945744,Neutral
22064,S/168,4773,1.05168,0.79533,0.662389,0.879234,Neutral
22067,S/169,4773,2.9658,1.61243,2.89521,0.589992,Neutral
22070,S/170,4773,2.54909,1.79709,1.9919,0.902243,Neutral
22073,S/171,4773,1.10409,0.900613,0,0.136692,Neutral
22076,S/172,4773,0.625672,0.372975,0,0.330141,Neutral
22079,S/173,4773,1.92198,0.612791,2.55388,0.120284,Neutral
22082,S/174,4773,1.15258,0.375582,0.616674,0.693343,Neutral
22085,S/175,4773,0.227471,0,0,1,Invariable
22088,S/176,4773,4.54825,0.77711,2.69322,0.0932922,Neutral
22091,S/177,4773,2.24258,29.5497,0.511037,0.20354,Neutral
22094,S/178,4773,1.75439,0.341722,1.61043,0.122433,Neutral
22097,S/179,4773,0.863074,0.206478,0.666145,0.421942,Neutral
22100,S/180,4773,5.80907,2.88373,3.28525,0.869439,Neutral
22103,S/181,4773,9.60045,0,3.65735,0.00153631,Diversifying
22106,S/182,4773,7.37144,2.48735,4.47895,0.452446,Neutral
22109,S/183,4773,3.23707,0.22956,2.64305,0.0417059,Diversifying
22112,S/184,4773,1.81837,0.206061,0.704409,0.401528,Neutral
22115,S/185,4773,3.7259,0,4.14341,0.00094007,Diversifying
22118,S/186,4773,2.81931,2.10108,1.29527,0.494788,Neutral
22121,S/187,4773,1.58119,0.787874,1.09524,0.82169,Neutral
22124,S/188,4773,1.46434,1.13501,0,0.16632,Neutral
22127,S/189,4773,0.59742,0,0.662881,0.0882631,Neutral
22130,S/190,4773,2.713,1.43966,1.23549,0.84968,Neutral
22133,S/191,4773,1.17174,1.96192,0,0.10091,Neutral
22136,S/192,4773,0.180894,0.29223,0,0.393518,Neutral
22139,S/193,4773,1.20742,0.281722,0,0.403564,Neutral
22142,S/194,4773,0.199457,0.338478,0,0.364026,Neutral
22145,S/195,4773,0.68937,0.880915,0,0.175019,Neutral
22148,S/196,4773,0.618935,0.338868,0,0.449973,Neutral
22151,S/197,4773,1.81371,0.478929,0.844324,0.657692,Neutral
22154,S/198,4773,1.66831,1.08025,0,0.14162,Neutral
22157,S/199,4773,0.283901,0.409787,0,0.312115,Neutral
22160,S/200,4773,2.03066,1.90796,0.997793,0.52703,Neutral
22163,S/201,4773,1.02182,1.31002,0,0.0742779,Neutral
22166,S/202,4773,1.47116,1.83977,0,0.120099,Neutral
22169,S/203,4773,1.28479,1.6082,0,0.0818708,Neutral
22172,S/204,4773,0.703055,0.794977,0,0.239959,Neutral
22175,S/205,4773,0.139355,0.200761,0,0.476911,Neutral
22178,S/206,4773,1.82473,2.1709,0,0.0339878,Purifying
22181,S/207,4773,1.02231,0.229722,0.713689,0.395765,Neutral
22184,S/208,4773,1.48007,0.59765,0,0.242832,Neutral
22187,S/209,4773,1.18671,0,1.24251,0.0174254,Diversifying
22190,S/210,4773,2.60718,0.814396,1.63031,0.469098,Neutral
22193,S/211,4773,3.35546,1.02663,4.29479,0.125578,Neutral
22196,S/212,4773,7.2007,2.15349,10.395,0.00150381,Diversifying
22199,S/213,4773,8.75531,2.00358,15.8537,1.01081e-8,Diversifying
22202,S/214,4773,4.81362,0.935211,3.78204,0.0470892,Diversifying
22205,S/215,4773,12.0781,2.0987,7.78214,0.0165873,Diversifying
22208,S/216,4773,2.72405,0.462341,1.33083,0.24772,Neutral
22211,S/217,4773,1.49587,1.05766,0,0.0877948,Neutral
22214,S/218,4773,3.22193,1.61171,0,0.0890925,Neutral
22217,S/219,4773,1.40466,0.779516,0,0.163385,Neutral
22220,S/220,4773,0.425697,0.339923,0,0.36403,Neutral
22223,S/221,4773,6.58337,4.10117,1.72372,0.175858,Neutral
22226,S/222,4773,9.99283,0.613392,10.1917,4.3449e-7,Diversifying
22229,S/223,4773,0.337578,0.460202,0,0.36898,Neutral
22232,S/224,4773,0.784164,0.815487,0,0.292689,Neutral
22235,S/225,4773,1.03862,1.61129,0,0.0413052,Purifying
22238,S/226,4773,0.467011,0.484904,0,0.255878,Neutral
22241,S/227,4773,0.975955,0.927916,0,0.148617,Neutral
22244,S/228,4773,1.42775,0.670266,0,0.247681,Neutral
22247,S/229,4773,1.07396,0.238518,0,0.500249,Neutral
22250,S/230,4773,0.987514,1.71938,0,0.0353133,Purifying
22253,S/231,4773,2.10159,3.1608,0,0.0148255,Purifying
22256,S/232,4773,0.23955,0,0,1,Invariable
22259,S/233,4773,1.04072,0,0.804229,0.0938483,Neutral
22262,S/234,4773,2.6696,2.87845,0,0.0194746,Purifying
22265,S/235,4773,0.675284,0.479082,0,0.303447,Neutral
22268,S/236,4773,0.291063,0.404624,0,0.34544,Neutral
22271,S/237,4773,0.874307,0.514549,0,0.242028,Neutral
22274,S/238,4773,0.72225,1.04889,0,0.111847,Neutral
22277,S/239,4773,1.46558,1.5619,0,0.162982,Neutral
22280,S/240,4773,2.48846,1.2652,0,0.0998408,Neutral
22283,S/241,4773,0.915077,1.00551,0,0.186675,Neutral
22286,S/242,4773,1.20193,0.201431,0,0.466881,Neutral
22289,S/243,4773,1.12472,0.202783,0,0.47519,Neutral
22292,S/244,4773,1.72283,0.334463,0,0.454899,Neutral
22295,S/245,4773,5.38778,1.58992,3.72058,0.199016,Neutral
22298,S/246,4773,1.68258,0,0,1,Invariable
22301,S/247,4773,1.93001,0.756735,1.47205,0.51677,Neutral
22304,S/248,4773,6.02029,2.74218,7.13409,0.0818659,Neutral
22307,S/249,4773,1.05384,0.620008,0,0.246546,Neutral
22310,S/250,4773,2.65084,0.73104,0.822708,0.918584,Neutral
22313,S/251,4773,2.8014,0.22783,3.74552,0.00111253,Diversifying
22316,S/252,4773,2.8091,0.457085,3.58215,0.00880236,Diversifying
22319,S/253,4773,5.23953,0.710226,6.23967,0.00266939,Diversifying
22322,S/254,4773,2.87091,0.949122,0.788197,0.867204,Neutral
22325,S/255,4773,4.10788,0.412779,3.92098,0.00727938,Diversifying
22328,S/256,4773,5.10687,1.23055,1.99707,0.600202,Neutral
22331,S/257,4773,4.44647,0.305718,5.78678,0.0000889406,Diversifying
22334,S/258,4773,2.95778,7.69832,1.91222,0.647995,Neutral
22337,S/259,4773,1.39808,0,0.813383,0.11173,Neutral
22340,S/260,4773,1.25804,0,0,1,Invariable
22343,S/261,4773,2.60037,0.792192,1.41729,0.530269,Neutral
22346,S/262,4773,3.52668,0.413842,2.75857,0.0253639,Diversifying
22349,S/263,4773,2.06495,1.36703,0,0.0724923,Neutral
22352,S/264,4773,1.30091,0.421259,0,0.303292,Neutral
22355,S/265,4773,0.88811,0.773936,0,0.248279,Neutral
22358,S/266,4773,0.568917,0.290797,0,0.475427,Neutral
22361,S/267,4773,1.51467,1.38664,0,0.0631734,Neutral
22364,S/268,4773,0.130943,0.18428,0,0.495596,Neutral
22367,S/269,4773,0.788441,0.686241,0,0.279421,Neutral
22370,S/270,4773,0.39963,0.576944,0,0.216505,Neutral
22373,S/271,4773,1.26672,1.04651,0,0.248421,Neutral
22376,S/272,4773,1.39427,0.24259,1.27645,0.15434,Neutral
22379,S/273,4773,1.30683,0.786938,0.619812,0.827997,Neutral
22382,S/274,4773,0.27303,0.182802,0,0.523289,Neutral
22385,S/275,4773,0.688616,0.802312,0,0.168909,Neutral
22388,S/276,4773,1.66924,2.09818,0,0.0493352,Purifying
22391,S/277,4773,0.514479,0.706089,0,0.266615,Neutral
22394,S/278,4773,1.6401,0.990145,0,0.269993,Neutral
22397,S/279,4773,0.223316,0.334774,0,0.447313,Neutral
22400,S/280,4773,0.399156,0.341484,0,0.449897,Neutral
22403,S/281,4773,2.34641,1.45224,2.24723,0.67029,Neutral
22406,S/282,4773,2.131,1.93272,0,0.0746546,Neutral
22409,S/283,4773,0.89542,1.36632,0,0.105285,Neutral
22412,S/284,4773,1.1621,0.462573,0.812363,0.628743,Neutral
22415,S/285,4773,0,0,0,1,Invariable
22418,S/286,4773,1.38666,0.621128,0,0.267835,Neutral
22421,S/287,4773,0.941195,0.339817,0,0.407194,Neutral
22424,S/288,4773,0.378471,0.373791,0,0.326008,Neutral
22427,S/289,4773,1.72521,0.526913,1.48499,0.361059,Neutral
22430,S/290,4773,1.06186,1.38138,0,0.0738845,Neutral
22433,S/291,4773,0,0,0,1,Invariable
22436,S/292,4773,0.902237,0.951018,0.66439,0.758709,Neutral
22439,S/293,4773,0.666977,0.561614,0,0.225822,Neutral
22442,S/294,4773,2.37134,3.09951,0,0.00753927,Purifying
22445,S/295,4773,0.520955,0.768101,0,0.141762,Neutral
22448,S/296,4773,2.50938,3.22056,0,0.00263163,Purifying
22451,S/297,4773,1.25529,1.37919,0,0.0995316,Neutral
22454,S/298,4773,1.4236,2.77761,0,0.0503006,Neutral
22457,S/299,4773,2.49236,0.666312,1.64608,0.375608,Neutral
22460,S/300,4773,0.194397,0.298686,0,0.424395,Neutral
22463,S/301,4773,0.402063,0.68334,0,0.197525,Neutral
22466,S/302,4773,2.66638,3.2594,0,0.00657454,Purifying
22469,S/303,4773,0.710836,0.978977,0,0.106435,Neutral
22472,S/304,4773,1.51457,0.666588,0,0.340146,Neutral
22475,S/305,4773,0.486356,0.462382,0,0.264775,Neutral
22478,S/306,4773,2.54996,2.66669,1.00107,0.20461,Neutral
22481,S/307,4773,2.95553,0.454143,0.819453,0.644913,Neutral
22484,S/308,4773,2.63657,1.37302,0,0.0816977,Neutral
22487,S/309,4773,1.99288,1.18431,0,0.21903,Neutral
22490,S/310,4773,0.844951,1.71691,0,0.130693,Neutral
22493,S/311,4773,0.613448,0.929553,0,0.180392,Neutral
22496,S/312,4773,2.27752,2.85798,0,0.0120102,Purifying
22499,S/313,4773,0.930196,1.41242,0,0.119364,Neutral
22502,S/314,4773,2.91665,1.99143,1.18821,0.659044,Neutral
22505,S/315,4773,0.165527,0.237384,0,0.474366,Neutral
22508,S/316,4773,0.701949,0.862809,0,0.143113,Neutral
22511,S/317,4773,0.471282,0.585646,0,0.288303,Neutral
22514,S/318,4773,0.628791,0.684146,0,0.19714,Neutral
22517,S/319,4773,0,0,0,1,Invariable
22520,S/320,4773,1.75764,1.40156,0,0.0591973,Neutral
22523,S/321,4773,4.47587,7.34362,0,0.00281418,Purifying
22526,S/322,4773,0.371443,0.627637,0,0.20031,Neutral
22529,S/323,4773,3.94731,1.63305,3.29519,0.311528,Neutral
22532,S/324,4773,3.29121,3.18189,0,0.0605355,Neutral
22535,S/325,4773,0.386071,0.185204,0,0.499192,Neutral
22538,S/326,4773,0.49455,0.51111,0,0.333611,Neutral
22541,S/327,4773,0.257187,0.183285,0,0.506604,Neutral
22544,S/328,4773,1.98493,3.27281,0,0.0124496,Purifying
22547,S/329,4773,0.681105,0.917172,0,0.132985,Neutral
22550,S/330,4773,0.979262,0,0,1,Invariable
22553,S/331,4773,0.760093,0.594803,0,0.311902,Neutral
22556,S/332,4773,0.277443,0,0,1,Invariable
22559,S/333,4773,1.22225,1.6881,0,0.0616233,Neutral
22562,S/334,4773,0.965135,1.21583,0,0.127515,Neutral
22565,S/335,4773,1.16378,0.765851,0.673719,0.908058,Neutral
22568,S/336,4773,1.20611,1.58893,0,0.0397046,Purifying
22571,S/337,4773,0.723703,0.815851,0,0.137144,Neutral
22574,S/338,4773,0.311798,0.338563,0,0.363999,Neutral
22577,S/339,4773,7.10668,1.75806,6.58652,0.0141247,Diversifying
22580,S/340,4773,3.85286,1.67196,0,0.134168,Neutral
22583,S/341,4773,0.301783,0.431722,0,0.309957,Neutral
22586,S/342,4773,0.862753,1.25207,0,0.0795539,Neutral
22589,S/343,4773,2.30721,2.91516,0,0.0184644,Purifying
22592,S/344,4773,1.31215,0.971743,0.683464,0.725796,Neutral
22595,S/345,4773,1.63093,1.68484,0,0.0503647,Neutral
22598,S/346,4773,24.5032,0,33.6009,1.11022e-16,Diversifying
22601,S/347,4773,0.31185,0.337001,0,0.363985,Neutral
22604,S/348,4773,2.14311,1.19567,0,0.0907064,Neutral
22607,S/349,4773,0.930582,0.781667,0,0.16318,Neutral
22610,S/350,4773,0.318757,0.459988,0,0.295701,Neutral
22613,S/351,4773,1.2268,1.91126,0,0.0718856,Neutral
22616,S/352,4773,1.65636,0.630722,0,0.205738,Neutral
22619,S/353,4773,0,0.116703,0,1,Neutral
22622,S/354,4773,5.26103,3.17222,0,0.0145604,Purifying
22625,S/355,4773,0.625335,0.973186,0,0.102295,Neutral
22628,S/356,4773,2.80664,0.586093,2.3941,0.124112,Neutral
22631,S/357,4773,1.97116,1.31657,2.46064,0.4513,Neutral
22634,S/358,4773,0.668541,0.728537,0.853101,0.887,Neutral
22637,S/359,4773,0.958139,0.218884,0.716013,0.374501,Neutral
22640,S/360,4773,0.262213,0.328214,0,0.427546,Neutral
22643,S/361,4773,0.408905,0.712562,0,0.191282,Neutral
22646,S/362,4773,0.550609,0.222241,0,0.470923,Neutral
22649,S/363,4773,0.430578,0.63508,0,0.204522,Neutral
22652,S/364,4773,0.494287,0.340045,0,0.406716,Neutral
22655,S/365,4773,0.534887,0.799042,0,0.239697,Neutral
22658,S/366,4773,0.549766,0.632569,0,0.208685,Neutral
22661,S/367,4773,1.83255,0.398987,1.48065,0.169021,Neutral
22664,S/368,4773,4.22125,0.671964,6.05378,0.000721803,Diversifying
22667,S/369,4773,1.47453,1.98953,0,0.06527,Neutral
22670,S/370,4773,0.936302,1.41774,0,0.123262,Neutral
22673,S/371,4773,4.81575,0.81865,12.5418,6.14073e-11,Diversifying
22676,S/372,4773,1.03151,1.03252,1.37429,0.754477,Neutral
22679,S/373,4773,2.86951,0.625808,7.32052,0.000164902,Diversifying
22682,S/374,4773,0.112499,0,0,1,Invariable
22685,S/375,4773,2.8451,1.19438,5.47463,0.00258508,Diversifying
22688,S/376,4773,3.21069,0.414528,3.83865,0.00528805,Diversifying
22691,S/377,4773,0.312129,0.337113,0,0.363708,Neutral
22694,S/378,4773,1.32335,0.968473,0,0.167679,Neutral
22697,S/379,4773,0.112292,0,0,1,Invariable
22700,S/380,4773,0.409761,0.595555,0,0.306091,Neutral
22703,S/381,4773,0.678367,1.03622,0,0.158475,Neutral
22706,S/382,4773,1.16724,0.7243,0.737208,0.985309,Neutral
22709,S/383,4773,0.705979,1.06489,0,0.105389,Neutral
22712,S/384,4773,1.2564,0.202009,0.61321,0.441944,Neutral
22715,S/385,4773,2.44147,0.681639,0.817465,0.877426,Neutral
22718,S/386,4773,1.17877,2.24759,0,0.0784291,Neutral
22721,S/387,4773,0.668141,0.908455,0,0.207611,Neutral
22724,S/388,4773,0.467509,0.711753,0,0.275035,Neutral
22727,S/389,4773,1.59912,2.55313,0,0.0231062,Purifying
22730,S/390,4773,0.35607,0.274721,0,0.381251,Neutral
22733,S/391,4773,0.541586,0.705115,0,0.169003,Neutral
22736,S/392,4773,0.608952,1.0436,0,0.111885,Neutral
22739,S/393,4773,0.898471,0.631968,0,0.241637,Neutral
22742,S/394,4773,1.84049,1.9801,0,0.0682279,Neutral
22745,S/395,4773,1.52786,1.61614,0,0.0429892,Purifying
22748,S/396,4773,0.63391,0.715922,0,0.269911,Neutral
22751,S/397,4773,0.766515,1.25972,0,0.0819796,Neutral
22754,S/398,4773,0.653809,1.04305,0,0.146108,Neutral
22757,S/399,4773,0.81906,1.26322,0,0.112742,Neutral
22760,S/400,4773,0.923184,0.797935,0,0.170195,Neutral
22763,S/401,4773,0.685342,0.971422,0,0.147063,Neutral
22766,S/402,4773,0.538551,0.308875,0.786142,0.528118,Neutral
22769,S/403,4773,2.37956,0,0.862433,0.162644,Neutral
22772,S/404,4773,0.139793,0.201014,0,0.479134,Neutral
22775,S/405,4773,5.42436,1.38841,5.60151,0.0330893,Diversifying
22778,S/406,4773,0.412046,0.806128,0,0.292911,Neutral
22781,S/407,4773,0.599987,0.59622,0,0.217456,Neutral
22784,S/408,4773,12.0399,1.61791,15.8072,2.43247e-8,Diversifying
22787,S/409,4773,0.400123,0.716255,0,0.33376,Neutral
22790,S/410,4773,5.17778,5.85215,0.850485,0.00711408,Purifying
22793,S/411,4773,2.51329,2.02247,1.3672,0.60635,Neutral
22796,S/412,4773,0.81147,1.17759,0,0.0781445,Neutral
22799,S/413,4773,2.50614,2.77868,0,0.00722988,Purifying
22802,S/414,4773,2.36276,0.806037,2.39303,0.365994,Neutral
22805,S/415,4773,0.431428,0.41197,0,0.342903,Neutral
22808,S/416,4773,1.23712,1.70033,0,0.0718073,Neutral
22811,S/417,4773,18.8542,1.05992,29.0813,1.87628e-14,Diversifying
22814,S/418,4773,0.396877,0.604001,0,0.259545,Neutral
22817,S/419,4773,0.581126,0.683667,0,0.187219,Neutral
22820,S/420,4773,0.81279,0.597443,0,0.267273,Neutral
22823,S/421,4773,1.01336,1.25931,0,0.14004,Neutral
22826,S/422,4773,0.456878,0.682152,0,0.282794,Neutral
22829,S/423,4773,0.464551,0.715822,0,0.270038,Neutral
22832,S/424,4773,1.69959,3.42428,0,0.0322018,Purifying
22835,S/425,4773,1.02582,1.40949,0,0.11698,Neutral
22838,S/426,4773,0.653173,0.931856,0,0.118864,Neutral
22841,S/427,4773,2.54004,1.91002,0.034265,0.189328,Neutral
22844,S/428,4773,0.913038,1.51534,0,0.0832773,Neutral
22847,S/429,4773,0.366263,0.598242,0,0.223413,Neutral
22850,S/430,4773,1.55669,1.5137,0,0.0782963,Neutral
22853,S/431,4773,0.864801,0.945831,0,0.11266,Neutral
22856,S/432,4773,2.69685,3.56851,0,0.00208167,Purifying
22859,S/433,4773,0.54306,0.565465,0.737776,0.824133,Neutral
22862,S/434,4773,0.854836,0.531082,0,0.319762,Neutral
22865,S/435,4773,0.282453,0.200186,0.677991,0.403699,Neutral
22868,S/436,4773,0,0.116703,0,1,Neutral
22871,S/437,4773,0.694913,1.04516,0,0.184562,Neutral
22874,S/438,4773,0.413711,0.592538,0,0.220439,Neutral
22877,S/439,4773,1.64473,1.05318,1.08733,0.973117,Neutral
22880,S/440,4773,13.5883,0.700891,20.3337,1.1541e-10,Diversifying
22883,S/441,4773,0.869398,0.73529,1.06265,0.745456,Neutral
22886,S/442,4773,0.439754,0.712421,0,0.231706,Neutral
22889,S/443,4773,0.548951,0.360206,0.677765,0.641519,Neutral
22892,S/444,4773,9.41616,0.676999,8.80896,0.0000385732,Diversifying
22895,S/445,4773,6.76562,0.45839,14.1642,1.41936e-10,Diversifying
22898,S/446,4773,8.5246,0,13.6628,3.00882e-12,Diversifying
22901,S/447,4773,0.466989,0.466007,0.710411,0.879232,Neutral
22904,S/448,4773,0,0,0,1,Invariable
22907,S/449,4773,2.19001,0.896704,0,0.352241,Neutral
22910,S/450,4773,4.21393,0.716605,4.52883,0.0282319,Diversifying
22913,S/451,4773,1.0324,1.08033,0,0.152401,Neutral
22916,S/452,4773,11.809,0.994934,27.8579,0,Diversifying
22919,S/453,4773,1.23081,0.338267,1.98619,0.141291,Neutral
22922,S/454,4773,0.532754,0.944669,0,0.17921,Neutral
22925,S/455,4773,1.78795,0.624909,2.05109,0.156603,Neutral
22928,S/456,4773,3.3936,1.48426,3.98809,0.129605,Neutral
22931,S/457,4773,0.238489,0.393236,0,0.306446,Neutral
22934,S/458,4773,0.660394,0.601188,0,0.256869,Neutral
22937,S/459,4773,0.622054,0.201324,0,0.476728,Neutral
22940,S/460,4773,9.05059,3.5512,7.09514,0.185304,Neutral
22943,S/461,4773,0.844354,0.7632,0,0.141926,Neutral
22946,S/462,4773,0.470998,0,0,1,Invariable
22949,S/463,4773,0.690046,0.389997,0,0.293904,Neutral
22952,S/464,4773,0.199534,0.340858,0,0.363843,Neutral
22955,S/465,4773,0.412631,0,0,1,Invariable
22958,S/466,4773,0.840639,1.45665,0,0.0929348,Neutral
22961,S/467,4773,0.813268,1.10742,0,0.137511,Neutral
22964,S/468,4773,0.560916,0,0,1,Invariable
22967,S/469,4773,0.436679,0.723077,0,0.238172,Neutral
22970,S/470,4773,2.27353,0.241126,0,0.472089,Neutral
22973,S/471,4773,2.38653,0.370636,1.09334,0.59795,Neutral
22976,S/472,4773,1.62355,1.66902,0,0.05583,Neutral
22979,S/473,4773,1.17119,1.78909,0,0.0803893,Neutral
22982,S/474,4773,0.887816,0.84091,0,0.199147,Neutral
22985,S/475,4773,2.71314,2.05557,0,0.0181616,Purifying
22988,S/476,4773,1.10694,0.861623,0.699545,0.853652,Neutral
22991,S/477,4773,12.1695,1.70329,19.1201,1.05698e-11,Diversifying
22994,S/478,4773,21.0772,0.663062,30.7763,1.44373e-12,Diversifying
22997,S/479,4773,1.60928,0.487094,0,0.24497,Neutral
23000,S/480,4773,0.511526,0.687473,0,0.199641,Neutral
23003,S/481,4773,3.62834,0.995027,1.70353,0.605886,Neutral
23006,S/482,4773,1.16816,0.426477,0,0.306392,Neutral
23009,S/483,4773,1.81903,0.550737,0,0.429643,Neutral
23012,S/484,4773,15.6025,1.26086,22.1576,8.00394e-9,Diversifying
23015,S/485,4773,0.556616,0.406026,0,0.323171,Neutral
23018,S/486,4773,11.0417,0.559715,22.3007,9.54792e-15,Diversifying
23021,S/487,4773,0.171162,0,0,1,Invariable
23024,S/488,4773,0.180894,0.29223,0,0.393621,Neutral
23027,S/489,4773,1.47258,1.84777,0,0.061493,Neutral
23030,S/490,4773,6.67821,1.3698,8.54795,0.000613528,Diversifying
23033,S/491,4773,0.239678,0.19974,0,0.453269,Neutral
23036,S/492,4773,0.941004,0.789435,0,0.245234,Neutral
23039,S/493,4773,9.32555,1.17024,12.6048,0.000531642,Diversifying
23042,S/494,4773,5.78529,0.548587,1.99476,0.239168,Neutral
23045,S/495,4773,0.566888,0.339504,0,0.443765,Neutral
23048,S/496,4773,1.99535,0.577249,3.53036,0.013402,Diversifying
23051,S/497,4773,0.439188,0.580805,0,0.199125,Neutral
23054,S/498,4773,6.04128,0.894622,10.998,0.000114238,Diversifying
23057,S/499,4773,1.29711,0.772441,0,0.128734,Neutral
23060,S/500,4773,2.03465,1.3544,0,0.087274,Neutral
23063,S/501,4773,10.475,2.08935,15.8486,0.0000240604,Diversifying
23066,S/502,4773,0.992873,0.604215,0,0.227453,Neutral
23069,S/503,4773,1.63536,0.724291,0,0.198984,Neutral
23072,S/504,4773,0.869357,0.426893,0.398047,0.974099,Neutral
23075,S/505,4773,4.38223,0.342994,7.88158,4.56555e-7,Diversifying
23078,S/506,4773,0.203125,0,0,1,Invariable
23081,S/507,4773,1.17464,2.04821,0,0.0215472,Purifying
23084,S/508,4773,3.71958,3.30123,0,0.0139669,Purifying
23087,S/509,4773,0.572272,0.9952,0,0.164972,Neutral
23090,S/510,4773,1.03633,1.24727,0,0.0934743,Neutral
23093,S/511,4773,0.941094,0.549823,0.738968,0.828131,Neutral
23096,S/512,4773,0.905408,1.26794,0,0.094089,Neutral
23099,S/513,4773,1.04489,1.3626,0,0.0629595,Neutral
23102,S/514,4773,0.818054,0.678683,0,0.194341,Neutral
23105,S/515,4773,0.31188,0.338563,0,0.364022,Neutral
23108,S/516,4773,1.15352,0.78723,0,0.297121,Neutral
23111,S/517,4773,1.49652,0.597648,0.680354,0.91063,Neutral
23114,S/518,4773,2.56598,2.64836,1.02516,0.282201,Neutral
23117,S/519,4773,1.50972,0,0,1,Invariable
23120,S/520,4773,2.54867,1.85062,1.42837,0.746827,Neutral
23123,S/521,4773,2.31507,0.760714,1.85329,0.316855,Neutral
23126,S/522,4773,3.94647,0.674764,3.45728,0.0378256,Diversifying
23129,S/523,4773,0.688958,0.37093,0.815249,0.546091,Neutral
23132,S/524,4773,0.403089,0.563683,0,0.24326,Neutral
23135,S/525,4773,0.624979,1.10471,0,0.104972,Neutral
23138,S/526,4773,0.459284,0.700509,0,0.245575,Neutral
23141,S/527,4773,0.239364,0.199169,0,0.454062,Neutral
23144,S/528,4773,0,0,0,1,Invariable
23147,S/529,4773,0.861002,0,0,1,Invariable
23150,S/530,4773,0.58594,0.681967,0,0.191081,Neutral
23153,S/531,4773,0.508663,0.551753,0,0.279669,Neutral
23156,S/532,4773,1.26178,1.05051,0.0608239,0.536323,Neutral
23159,S/533,4773,0.375397,0.519308,0,0.242429,Neutral
23162,S/534,4773,0.539359,0.410395,0,0.322387,Neutral
23165,S/535,4773,1.15336,1.0688,0,0.235891,Neutral
23168,S/536,4773,0.73644,0.703901,0,0.256326,Neutral
23171,S/537,4773,1.3263,1.44536,0,0.155458,Neutral
23174,S/538,4773,0.112062,0,0,1,Invariable
23177,S/539,4773,0.603886,0.273915,0,0.402319,Neutral
23180,S/540,4773,1.12061,0.600366,0,0.310562,Neutral
23183,S/541,4773,0.999239,1.3228,0,0.0527834,Neutral
23186,S/542,4773,0.567533,0.708167,0,0.243812,Neutral
23189,S/543,4773,3.41955,4.28806,0,0.000520316,Purifying
23192,S/544,4773,1.17781,1.78263,0,0.0838264,Neutral
23195,S/545,4773,0.139637,0.199512,0,0.479371,Neutral
23198,S/546,4773,1.75393,1.65712,0,0.0897119,Neutral
23201,S/547,4773,6.23932,0.670297,7.69744,0.000312748,Diversifying
23204,S/548,4773,0.140209,0.175748,0,0.492904,Neutral
23207,S/549,4773,1.3603,1.02557,0,0.148414,Neutral
23210,S/550,4773,0.258822,0.199808,0,0.479363,Neutral
23213,S/551,4773,0.414201,0.235528,0,0.455478,Neutral
23216,S/552,4773,0.478101,0.200014,0,0.467008,Neutral
23219,S/553,4773,0.560492,0.391898,0,0.353689,Neutral
23222,S/554,4773,4.37563,1.03594,2.58942,0.275863,Neutral
23225,S/555,4773,1.08118,1.40075,0,0.0609691,Neutral
23228,S/556,4773,2.61424,1.10389,1.02148,0.939959,Neutral
23231,S/557,4773,0.778574,1.45665,0,0.153907,Neutral
23234,S/558,4773,1.85314,0.584319,0,0.273555,Neutral
23237,S/559,4773,0.637825,0.720962,0,0.189469,Neutral
23240,S/560,4773,0.713024,0.428198,0,0.367855,Neutral
23243,S/561,4773,0.933966,0.594396,0,0.196518,Neutral
23246,S/562,4773,2.26658,3.03121,0,0.00350068,Purifying
23249,S/563,4773,1.07864,1.70506,0,0.144921,Neutral
23252,S/564,4773,0.596533,0.714671,0,0.33455,Neutral
23255,S/565,4773,1.62472,0.909175,0.66375,0.78363,Neutral
23258,S/566,4773,0.597326,0.45305,0,0.271967,Neutral
23261,S/567,4773,0.789152,0.857217,0,0.196173,Neutral
23264,S/568,4773,0.448489,0.221722,0,0.470276,Neutral
23267,S/569,4773,1.81678,1.12204,0,0.125115,Neutral
23270,S/570,4773,3.61101,0.559252,2.25138,0.110806,Neutral
23273,S/571,4773,0.629587,0.454706,0,0.302012,Neutral
23276,S/572,4773,3.99677,0.206573,3.31548,0.00439024,Diversifying
23279,S/573,4773,3.23527,0.290758,2.49597,0.0328801,Diversifying
23282,S/574,4773,3.37188,1.49962,3.33136,0.274156,Neutral
23285,S/575,4773,1.92078,1.80612,0,0.0331601,Purifying
23288,S/576,4773,0.664545,0.189558,0,0.487234,Neutral
23291,S/577,4773,1.07172,0.883458,0.633678,0.757849,Neutral
23294,S/578,4773,2.41144,3.67533,0,0.00663729,Purifying
23297,S/579,4773,0.908173,1.37524,0,0.0587243,Neutral
23300,S/580,4773,0.841532,0.542287,0,0.300798,Neutral
23303,S/581,4773,0.472132,0.295622,0,0.432119,Neutral
23306,S/582,4773,0.970806,0.877544,0,0.131836,Neutral
23309,S/583,4773,4.16621,1.10055,3.2188,0.15727,Neutral
23312,S/584,4773,0.886274,0.737443,0,0.222077,Neutral
23315,S/585,4773,0.759148,0.747626,0,0.160477,Neutral
23318,S/586,4773,0.491597,0.452891,0,0.302985,Neutral
23321,S/587,4773,1.23155,1.85871,0,0.0475158,Purifying
23324,S/588,4773,1.25953,0.618356,0,0.256972,Neutral
23327,S/589,4773,0.786512,1.36411,0,0.0606012,Neutral
23330,S/590,4773,0.930513,1.40781,0,0.0653348,Neutral
23333,S/591,4773,0.314116,0.459988,0,0.283034,Neutral
23336,S/592,4773,0,0,0,1,Invariable
23339,S/593,4773,0.881532,1.31801,0,0.0726877,Neutral
23342,S/594,4773,0.274093,0.391507,0,0.322433,Neutral
23345,S/595,4773,0.326359,0.253257,0,0.421719,Neutral
23348,S/596,4773,0,0,0,1,Invariable
23351,S/597,4773,0.60109,0.863282,0,0.151932,Neutral
23354,S/598,4773,1.27671,2.10559,0,0.0453311,Purifying
23357,S/599,4773,0.193379,0.295181,0,0.432388,Neutral
23360,S/600,4773,0.604776,1.03308,0,0.101102,Neutral
23363,S/601,4773,0.606401,0.911968,0,0.183533,Neutral
23366,S/602,4773,0.404421,0.626174,0,0.254522,Neutral
23369,S/603,4773,2.33368,3.28937,0,0.0191018,Purifying
23372,S/604,4773,1.79603,0.436407,0,0.334374,Neutral
23375,S/605,4773,0.694676,0.629642,0,0.209338,Neutral
23378,S/606,4773,1.70655,1.71437,0,0.0700308,Neutral
23381,S/607,4773,1.95446,0.602593,0,0.432754,Neutral
23384,S/608,4773,0.790386,0.755872,0,0.177445,Neutral
23387,S/609,4773,0.584073,0.868746,0,0.138753,Neutral
23390,S/610,4773,0.588659,0.675966,0,0.206349,Neutral
23393,S/611,4773,0.497279,0.217375,0,0.450048,Neutral
23396,S/612,4773,1.22083,1.83504,0,0.0754612,Neutral
23399,S/613,4773,9.11485,1.66793,10.9592,0.000225791,Diversifying
23402,S/614,4773,3.37903,0,1.51765,0.0133236,Diversifying
23405,S/615,4773,1.39299,1.09485,0,0.108824,Neutral
23408,S/616,4773,0.807616,0.584317,0,0.288903,Neutral
23411,S/617,4773,0.558432,0.579937,0,0.21375,Neutral
23414,S/618,4773,5.15018,6.95989,0,0.000182189,Purifying
23417,S/619,4773,2.98388,1.99326,2.1707,0.930602,Neutral
23420,S/620,4773,0.936435,1.191,0,0.0824726,Neutral
23423,S/621,4773,2.11003,0.200173,1.23761,0.126881,Neutral
23426,S/622,4773,2.62374,0,2.27798,0.0233536,Diversifying
23429,S/623,4773,2.62238,0.848179,0,0.143209,Neutral
23432,S/624,4773,0.981398,0.848169,0,0.182534,Neutral
23435,S/625,4773,0.852998,0.336399,0,0.386396,Neutral
23438,S/626,4773,2.20789,1.03116,0.689116,0.726187,Neutral
23441,S/627,4773,2.32787,2.844,0,0.0198772,Purifying
23444,S/628,4773,1.92309,0.803284,1.20457,0.78461,Neutral
23447,S/629,4773,1.36181,1.64223,0,0.0390705,Purifying
23450,S/630,4773,0.460507,0.451987,0,0.322609,Neutral
23453,S/631,4773,1.65496,1.13294,0,0.0778377,Neutral
23456,S/632,4773,1.59763,1.10451,0,0.300616,Neutral
23459,S/633,4773,0.215577,0,0,1,Invariable
23462,S/634,4773,0.713104,0.370614,0.630577,0.675697,Neutral
23465,S/635,4773,0.778798,0,0,1,Invariable
23468,S/636,4773,1.75509,2.15665,0,0.0547927,Neutral
23471,S/637,4773,0.401495,0.412115,0,0.309305,Neutral
23474,S/638,4773,1.26591,1.51621,0,0.0820842,Neutral
23477,S/639,4773,0.654853,0.593291,0,0.223232,Neutral
23480,S/640,4773,2.52278,0.92028,1.63547,0.523422,Neutral
23483,S/641,4773,1.74672,0.574969,0,0.322516,Neutral
23486,S/642,4773,1.63128,0.560619,0,0.247922,Neutral
23489,S/643,4773,0.47784,0.597472,0,0.223663,Neutral
23492,S/644,4773,0.202757,0,0,1,Invariable
23495,S/645,4773,0.48279,0.316877,0,0.419251,Neutral
23498,S/646,4773,1.18981,0.396297,0.652805,0.713503,Neutral
23501,S/647,4773,0.855363,0.623006,0,0.219966,Neutral
23504,S/648,4773,0.666653,0.839955,0,0.134009,Neutral
23507,S/649,4773,0.199397,0.340377,0,0.364141,Neutral
23510,S/650,4773,0.703563,0.96077,0,0.194964,Neutral
23513,S/651,4773,0.723194,0.537754,0,0.323052,Neutral
23516,S/652,4773,0.627167,0.821543,0,0.142605,Neutral
23519,S/653,4773,2.57963,0.969752,0,0.115763,Neutral
23522,S/654,4773,4.88558,3.32535,1.09175,0.279764,Neutral
23525,S/655,4773,8.18279,0.714734,7.06306,0.00108906,Diversifying
23528,S/656,4773,0.564674,0.260408,0,0.418197,Neutral
23531,S/657,4773,1.42708,1.57544,0,0.0821533,Neutral
23534,S/658,4773,2.94145,0.562681,3.01266,0.041862,Diversifying
23537,S/659,4773,1.6273,2.05036,0,0.044479,Purifying
23540,S/660,4773,2.15548,1.88138,0,0.0760097,Neutral
23543,S/661,4773,1.32546,1.20832,0,0.10982,Neutral
23546,S/662,4773,0,0,0,1,Invariable
23549,S/663,4773,0.35604,0.454006,0,0.302916,Neutral
23552,S/664,4773,0.429262,0.932638,0,0.20046,Neutral
23555,S/665,4773,1.70213,2.21203,0,0.0099471,Purifying
23558,S/666,4773,2.36573,1.64948,1.68845,0.979174,Neutral
23561,S/667,4773,0.258878,0.200906,0,0.479309,Neutral
23564,S/668,4773,1.13073,1.33831,0,0.0761051,Neutral
23567,S/669,4773,0.426812,0.615366,0,0.215357,Neutral
23570,S/670,4773,0.678792,0.130251,0,0.764213,Neutral
23573,S/671,4773,0.822068,1.07722,0,0.0897525,Neutral
23576,S/672,4773,1.56372,1.15578,1.37241,0.84359,Neutral
23579,S/673,4773,2.27096,1.07317,0.734177,0.741684,Neutral
23582,S/674,4773,1.21959,1.83231,0,0.0755667,Neutral
23585,S/675,4773,8.56983,1.62385,5.82667,0.0356316,Diversifying
23588,S/676,4773,1.60724,0.774501,0,0.198775,Neutral
23591,S/677,4773,8.68448,1.61709,11.6546,0.0000765569,Diversifying
23594,S/678,4773,2.36304,1.20823,0.947751,0.820795,Neutral
23597,S/679,4773,5.80656,0.528513,7.90547,0.000577826,Diversifying
23600,S/680,4773,2.12995,0.961248,0,0.241895,Neutral
23603,S/681,4773,10.0694,1.22882,17.3655,1.00355e-9,Diversifying
23606,S/682,4773,2.63395,3.0588,0.754867,0.0818181,Neutral
23609,S/683,4773,2.19002,1.44855,0.756751,0.494183,Neutral
23612,S/684,4773,3.04831,0.416939,0.764626,0.68283,Neutral
23615,S/685,4773,0.455335,0.460826,0.634316,0.79849,Neutral
23618,S/686,4773,0.135162,0,0,1,Invariable
23621,S/687,4773,2.05538,1.49505,0.743901,0.499646,Neutral
23624,S/688,4773,6.07785,0.162252,4.43711,0.000299934,Diversifying
23627,S/689,4773,1.68236,0,1.77035,0.0289953,Diversifying
23630,S/690,4773,3.53534,3.87142,0,0.0575158,Neutral
23633,S/691,4773,4.09649,3.61325,0,0.00192571,Purifying
23636,S/692,4773,1.95418,1.90038,0,0.0410558,Purifying
23639,S/693,4773,0.524108,0.566175,0,0.275506,Neutral
23642,S/694,4773,0.827202,0.451625,0,0.265668,Neutral
23645,S/695,4773,0.186366,0.231641,0,0.506771,Neutral
23648,S/696,4773,0.143957,0.199382,0,0.507284,Neutral
23651,S/697,4773,0.173233,0.0512325,0,1,Neutral
23654,S/698,4773,1.65538,0.910217,0,0.177223,Neutral
23657,S/699,4773,0.727129,0.927516,0,0.126184,Neutral
23660,S/700,4773,0.139698,0.199512,0,0.479357,Neutral
23663,S/701,4773,6.11489,0.584584,4.94818,0.00423447,Diversifying
23666,S/702,4773,1.512,0,0,1,Invariable
23669,S/703,4773,2.51043,0.714583,1.03884,0.767062,Neutral
23672,S/704,4773,6.93539,0.372631,6.20783,0.00060345,Diversifying
23675,S/705,4773,1.43198,0.901998,0,0.145749,Neutral
23678,S/706,4773,1.96184,0.857708,0.684445,0.836492,Neutral
23681,S/707,4773,1.57971,1.97919,0,0.0527291,Neutral
23684,S/708,4773,0.258395,0.197892,0,0.477905,Neutral
23687,S/709,4773,2.28035,3.53137,0,0.0155856,Purifying
23690,S/710,4773,0.630626,0.580118,0,0.292361,Neutral
23693,S/711,4773,0.838426,1.06273,0,0.106291,Neutral
23696,S/712,4773,0.992467,1.27076,0,0.100925,Neutral
23699,S/713,4773,0.583833,0.264496,0,0.39489,Neutral
23702,S/714,4773,0.418071,0,0,1,Invariable
23705,S/715,4773,1.08058,1.27077,0,0.0508569,Neutral
23708,S/716,4773,1.95651,0.342469,3.26335,0.0200782,Diversifying
23711,S/717,4773,0.584243,0.593938,0,0.311878,Neutral
23714,S/718,4773,0.408237,0.714501,0,0.191521,Neutral
23717,S/719,4773,1.48579,0.390591,1.63052,0.170688,Neutral
23720,S/720,4773,0.933204,0.750962,0,0.206346,Neutral
23723,S/721,4773,0.295019,0,0,1,Invariable
23726,S/722,4773,0.563038,0.409501,0.740489,0.646654,Neutral
23729,S/723,4773,1.84602,1.85555,0.818677,0.367621,Neutral
23732,S/724,4773,1.01814,0.929186,0,0.165254,Neutral
23735,S/725,4773,0.564263,0.71281,0,0.315445,Neutral
23738,S/726,4773,0.672247,0.777141,0,0.201444,Neutral
23741,S/727,4773,0.395882,0.492303,0,0.340608,Neutral
23744,S/728,4773,0.409618,0.703607,0,0.17665,Neutral
23747,S/729,4773,0.362858,0.467277,0,0.278001,Neutral
23750,S/730,4773,0.574914,0.442972,0.693646,0.724042,Neutral
23753,S/731,4773,0.805279,0,0.509096,0.902482,Neutral
23756,S/732,4773,5.24885,3.00977,2.47139,0.741394,Neutral
23759,S/733,4773,0.390073,0.601107,0,0.25732,Neutral
23762,S/734,4773,1.2198,1.72171,0,0.0607412,Neutral
23765,S/735,4773,2.25915,2.04048,0.849369,0.373739,Neutral
23768,S/736,4773,0.85805,0.639112,0.743677,0.903454,Neutral
23771,S/737,4773,0.81318,1.10542,0,0.137638,Neutral
23774,S/738,4773,0.408731,0.339949,0.657987,0.645613,Neutral
23777,S/739,4773,1.56829,2.04035,0,0.041736,Purifying
23780,S/740,4773,0.981251,0,0.511007,0.878726,Neutral
23783,S/741,4773,0.567059,0.706478,0,0.246559,Neutral
23786,S/742,4773,0.23063,0.348893,0,0.390019,Neutral
23789,S/743,4773,0.366172,0.599923,0,0.223596,Neutral
23792,S/744,4773,0.301148,0.44452,0,0.295863,Neutral
23795,S/745,4773,1.19306,1.50785,0,0.0835068,Neutral
23798,S/746,4773,0.59584,0.701147,0,0.237516,Neutral
23801,S/747,4773,2.24542,0.202424,0.860735,0.32955,Neutral
23804,S/748,4773,1.38259,1.63522,0,0.134809,Neutral
23807,S/749,4773,0.175341,0.226447,0,0.434551,Neutral
23810,S/750,4773,0.590487,0.454736,0,0.278096,Neutral
23813,S/751,4773,2.09045,1.23668,0,0.149962,Neutral
23816,S/752,4773,2.02432,1.143,0,0.100048,Neutral
23819,S/753,4773,0.440293,0.598278,0,0.204669,Neutral
23822,S/754,4773,0.908863,0.757647,0,0.15783,Neutral
23825,S/755,4773,0.596651,0.714671,0,0.334468,Neutral
23828,S/756,4773,0.225457,0.340527,0,0.444302,Neutral
23831,S/757,4773,0.211366,0.265226,0,0.399659,Neutral
23834,S/758,4773,0,0,0,1,Invariable
23837,S/759,4773,0.366042,0.598151,0,0.223552,Neutral
23840,S/760,4773,0.609056,1.04386,0,0.112043,Neutral
23843,S/761,4773,1.14785,0.652835,0,0.247818,Neutral
23846,S/762,4773,1.33582,2.64768,0,0.0704634,Neutral
23849,S/763,4773,1.68564,2.08357,0,0.0569528,Neutral
23852,S/764,4773,6.51284,2.45299,8.42698,0.0130531,Diversifying
23855,S/765,4773,1.7519,0.666789,0.635493,0.966221,Neutral
23858,S/766,4773,0.397903,0.411713,0,0.305602,Neutral
23861,S/767,4773,0.735068,0.785299,0,0.239564,Neutral
23864,S/768,4773,0.986246,0.595263,0,0.254766,Neutral
23867,S/769,4773,2.7349,0.607002,1.77951,0.30385,Neutral
23870,S/770,4773,0.568766,0.928291,0,0.202147,Neutral
23873,S/771,4773,1.14691,0.200157,1.36218,0.108089,Neutral
23876,S/772,4773,1.29221,0.458622,0.743254,0.702036,Neutral
23879,S/773,4773,0.413147,0.810029,0,0.291334,Neutral
23882,S/774,4773,0.806775,1.45665,0,0.168784,Neutral
23885,S/775,4773,0.365593,0.465355,0,0.296224,Neutral
23888,S/776,4773,0.977619,0.810985,0,0.293335,Neutral
23891,S/777,4773,0.556869,0.694239,0,0.248067,Neutral
23894,S/778,4773,2.29174,2.24066,0.816497,0.245248,Neutral
23897,S/779,4773,2.78073,2.60096,0,0.0724182,Neutral
23900,S/780,4773,1.89692,0,2.16825,0.116299,Neutral
23903,S/781,4773,0.287525,0.199813,0.741084,0.374119,Neutral
23906,S/782,4773,0.625111,1.10874,0,0.104841,Neutral
23909,S/783,4773,0.419639,0.316722,0,0.388484,Neutral
23912,S/784,4773,1.03644,1.95419,0,0.114341,Neutral
23915,S/785,4773,0.341559,0.269766,0,0.406014,Neutral
23918,S/786,4773,0.566712,0.708904,0,0.317191,Neutral
23921,S/787,4773,2.14215,0.18001,0,0.828471,Neutral
23924,S/788,4773,0.868483,1.09882,0,0.128198,Neutral
23927,S/789,4773,1.77719,2.23541,0,0.0398006,Purifying
23930,S/790,4773,0.599738,0.815144,0,0.293041,Neutral
23933,S/791,4773,2.25972,1.2869,1.63381,0.788088,Neutral
23936,S/792,4773,0.104298,0,0,1,Invariable
23939,S/793,4773,1.70743,2.39135,0,0.0130139,Purifying
23942,S/794,4773,0.755878,0,0,1,Invariable
23945,S/795,4773,0.95984,0.736719,0,0.311627,Neutral
23948,S/796,4773,6.39948,1.10651,4.6362,0.0494329,Diversifying
23951,S/797,4773,0.311676,0.338396,0,0.364055,Neutral
23954,S/798,4773,0.523238,0.199957,0.703109,0.392044,Neutral
23957,S/799,4773,0.329148,0.475458,0,0.276198,Neutral
23960,S/800,4773,0.180854,0.289029,0,0.393585,Neutral
23963,S/801,4773,1.28324,1.40651,0,0.124066,Neutral
23966,S/802,4773,0.311669,0.338396,0,0.364133,Neutral
23969,S/803,4773,0.233494,0.362989,0,0.395348,Neutral
23972,S/804,4773,1.01254,0,0,1,Invariable
23975,S/805,4773,0.867886,0.554217,0,0.308604,Neutral
23978,S/806,4773,0.640809,0.864944,0,0.216944,Neutral
23981,S/807,4773,0.941255,0.699376,0,0.177029,Neutral
23984,S/808,4773,1.96329,2.25661,0,0.0348429,Purifying
23987,S/809,4773,3.18531,2.30979,1.23088,0.416957,Neutral
23990,S/810,4773,1.36123,1.37231,0,0.100103,Neutral
23993,S/811,4773,0.37318,0,0,1,Invariable
23996,S/812,4773,4.35168,1.26285,3.12647,0.183654,Neutral
23999,S/813,4773,1.86641,0.457963,0,0.276688,Neutral
24002,S/814,4773,0.527357,0.599432,0,0.257671,Neutral
24005,S/815,4773,0.753918,1.16593,0,0.0731376,Neutral
24008,S/816,4773,1.25078,1.9462,0,0.0495992,Purifying
24011,S/817,4773,0.520862,0.715268,0,0.191546,Neutral
24014,S/818,4773,1.30607,0.573706,0.810895,0.78286,Neutral
24017,S/819,4773,0.546473,1.11593,0,0.21874,Neutral
24020,S/820,4773,0.637281,0.337939,0,0.406877,Neutral
24023,S/821,4773,3.97989,4.77811,0,0.00309778,Purifying
24026,S/822,4773,0.951153,0.683526,0.663339,0.97507,Neutral
24029,S/823,4773,0.554941,0.586257,0,0.196864,Neutral
24032,S/824,4773,2.21535,2.36642,0,0.0336197,Purifying
24035,S/825,4773,1.94863,3.04619,0,0.0408697,Purifying
24038,S/826,4773,1.14991,0.821895,0,0.150384,Neutral
24041,S/827,4773,0.472067,0.293733,0,0.432208,Neutral
24044,S/828,4773,0.696274,0.854246,0,0.134317,Neutral
24047,S/829,4773,2.19424,2.04889,0,0.0280404,Purifying
24050,S/830,4773,0.529295,0.592394,0,0.266815,Neutral
24053,S/831,4773,1.29676,0.62958,0.681601,0.94766,Neutral
24056,S/832,4773,0.457502,0.27364,0,0.39167,Neutral
24059,S/833,4773,0.0847295,0.110667,0,0.574391,Neutral
24062,S/834,4773,0.83296,0.336401,0,0.38811,Neutral
24065,S/835,4773,0.934327,0.698965,0,0.322477,Neutral
24068,S/836,4773,2.57702,0.796099,1.20023,0.778197,Neutral
24071,S/837,4773,0.713305,1.10397,0,0.170618,Neutral
24074,S/838,4773,1.65279,2.28866,0,0.0180065,Purifying
24077,S/839,4773,2.42428,2.31533,0,0.0325756,Purifying
24080,S/840,4773,0.376461,0.335886,0,0.341724,Neutral
24083,S/841,4773,1.27538,1.18524,0,0.0776337,Neutral
24086,S/842,4773,1.03964,0.633695,0,0.21096,Neutral
24089,S/843,4773,1.29615,1.91889,0,0.0514392,Neutral
24092,S/844,4773,1.23651,0.99165,0,0.145711,Neutral
24095,S/845,4773,4.89986,0.378877,4.20572,0.00207937,Diversifying
24098,S/846,4773,1.77305,0.387328,0,0.320685,Neutral
24101,S/847,4773,1.7423,1.77007,0,0.06457,Neutral
24104,S/848,4773,0.853098,0.971689,0.794778,0.849546,Neutral
24107,S/849,4773,1.01906,1.05218,0.658927,0.634489,Neutral
24110,S/850,4773,1.17321,0.626248,0.812618,0.83481,Neutral
24113,S/851,4773,0.408582,0.710508,0,0.191467,Neutral
24116,S/852,4773,1.55323,0.285881,0,0.405863,Neutral
24119,S/853,4773,0.400077,0.709722,0,0.33383,Neutral
24122,S/854,4773,2.19391,1.23766,0,0.105228,Neutral
24125,S/855,4773,0.818785,1.41261,0,0.0650049,Neutral
24128,S/856,4773,5.29665,5.56024,1.97712,0.0957175,Neutral
24131,S/857,4773,1.21304,1.28852,0.703453,0.528566,Neutral
24134,S/858,4773,1.58017,0.829117,1.98793,0.274031,Neutral
24137,S/859,4773,4.72799,1.06714,5.00251,0.0147223,Diversifying
24140,S/860,4773,0.647698,0.371226,0,0.343504,Neutral
24143,S/861,4773,0.421327,0.586352,0,0.213154,Neutral
24146,S/862,4773,0.366459,0.610322,0,0.204222,Neutral
24149,S/863,4773,0.274958,0.412326,0,0.283934,Neutral
24152,S/864,4773,0.558946,0.767154,0,0.152431,Neutral
24155,S/865,4773,0.0693443,0.0874783,0,0.618273,Neutral
24158,S/866,4773,0.404553,0.623392,0,0.254539,Neutral
24161,S/867,4773,2.3436,3.14792,0,0.0123252,Purifying
24164,S/868,4773,0.955377,1.45666,0,0.152668,Neutral
24167,S/869,4773,0.260975,10000,0,0.351772,Neutral
24170,S/870,4773,1.26527,0.19768,0.811411,0.403861,Neutral
24173,S/871,4773,1.14932,0.90434,1.36207,0.642992,Neutral
24176,S/872,4773,0.632853,0.817218,0,0.309846,Neutral
24179,S/873,4773,0.0893752,0.110833,0,0.646212,Neutral
24182,S/874,4773,1.11107,1.57323,0,0.0645037,Neutral
24185,S/875,4773,0.549517,0.632569,0,0.208819,Neutral
24188,S/876,4773,0.672849,0.307811,0,0.388745,Neutral
24191,S/877,4773,0.941775,1.12489,0,0.145428,Neutral
24194,S/878,4773,1.53936,1.88048,0,0.073667,Neutral
24197,S/879,4773,4.44617,1.31523,0.683991,0.502166,Neutral
24200,S/880,4773,0.573942,0.832998,0,0.150783,Neutral
24203,S/881,4773,0.448421,0.702631,0,0.228595,Neutral
24206,S/882,4773,1.05634,1.14033,0,0.112116,Neutral
24209,S/883,4773,4.48317,0.365042,5.8496,0.000184519,Diversifying
24212,S/884,4773,0.964986,1.23371,0,0.0789017,Neutral
24215,S/885,4773,0.623923,0.37261,0,0.333015,Neutral
24218,S/886,4773,0.434479,0,0,1,Invariable
24221,S/887,4773,0.386056,0.479056,0,0.290711,Neutral
24224,S/888,4773,0.951491,0.675341,0.665087,0.994012,Neutral
24227,S/889,4773,0.284033,0.412326,0,0.312009,Neutral
24230,S/890,4773,1.65872,2.35508,0,0.0176615,Purifying
24233,S/891,4773,0.301041,0.442216,0,0.295811,Neutral
24236,S/892,4773,1.52584,0.408993,0.683992,0.690787,Neutral
24239,S/893,4773,0.894147,0.969107,0,0.134812,Neutral
24242,S/894,4773,0.337662,0.460602,0,0.368889,Neutral
24245,S/895,4773,0,0,0,1,Invariable
24248,S/896,4773,0,0,0,1,Invariable
24251,S/897,4773,0.889353,1.49432,0,0.0478102,Purifying
24254,S/898,4773,0.199397,0.340377,0,0.364095,Neutral
24257,S/899,4773,0.763058,0.39058,0.683457,0.661983,Neutral
24260,S/900,4773,0.0863018,0.120474,0,1,Neutral
24263,S/901,4773,0.806775,1.45665,0,0.168774,Neutral
24266,S/902,4773,0.0863227,0.120474,0,1,Neutral
24269,S/903,4773,0.387952,0.391634,0,0.315891,Neutral
24272,S/904,4773,0.858646,1.04668,0,0.180324,Neutral
24275,S/905,4773,0.1412,0.212017,0,0.44173,Neutral
24278,S/906,4773,0,0,0,1,Invariable
24281,S/907,4773,0.626615,0.919575,0,0.210801,Neutral
24284,S/908,4773,0.329148,0.475458,0,0.276188,Neutral
24287,S/909,4773,0.818385,0.590275,0,0.265492,Neutral
24290,S/910,4773,1.32475,2.01718,0,0.0488322,Purifying
24293,S/911,4773,0.14073,0.20018,0,0.489567,Neutral
24296,S/912,4773,0.782434,1.01559,0,0.148324,Neutral
24299,S/913,4773,0,0,0,1,Invariable
24302,S/914,4773,0.467323,0.707669,0,0.275281,Neutral
24305,S/915,4773,0.161753,0.234428,0,0.455581,Neutral
24308,S/916,4773,0.212916,0.269591,0,0.38198,Neutral
24311,S/917,4773,0.225443,0.338238,0,0.444364,Neutral
24314,S/918,4773,0.596756,0.297807,0,0.423601,Neutral
24317,S/919,4773,0.861144,1.07659,0,0.150736,Neutral
24320,S/920,4773,0.572033,1.1229,0,0.235888,Neutral
24323,S/921,4773,1.76462,3.04962,0,0.040886,Purifying
24326,S/922,4773,1.69292,0.595831,0,0.219383,Neutral
24329,S/923,4773,0.396523,0.59962,0,0.259941,Neutral
24332,S/924,4773,1.47826,1.43583,0,0.0475951,Purifying
24335,S/925,4773,1.43338,1.58467,0,0.0814184,Neutral
24338,S/926,4773,1.03644,1.95419,0,0.114333,Neutral
24341,S/927,4773,0.197842,0.333803,0,0.367174,Neutral
24344,S/928,4773,0.456749,0.679429,0,0.282999,Neutral
24347,S/929,4773,2.7929,1.9046,0.731897,0.340203,Neutral
24350,S/930,4773,1.00462,1.33052,0,0.0673839,Neutral
24353,S/931,4773,0.781373,0.738284,0,0.20841,Neutral
24356,S/932,4773,1.63285,1.14788,0.708103,0.621895,Neutral
24359,S/933,4773,0.965904,1.45362,0,0.154368,Neutral
24362,S/934,4773,1.32175,1.40554,0,0.0891349,Neutral
24365,S/935,4773,0.571938,1.12314,0,0.235858,Neutral
24368,S/936,4773,8.32838,2.05391,1.09835,0.481672,Neutral
24371,S/937,4773,1.1889,1.61588,0,0.073237,Neutral
24374,S/938,4773,2.04788,0.597076,0.6652,0.929906,Neutral
24377,S/939,4773,4.24527,0.403133,2.87041,0.0253939,Diversifying
24380,S/940,4773,4.35635,3.16679,0,0.00378179,Purifying
24383,S/941,4773,2.16213,2.25902,0,0.0306836,Purifying
24386,S/942,4773,2.04115,0.908793,0.687961,0.815654,Neutral
24389,S/943,4773,2.98394,0.329971,1.46731,0.212037,Neutral
24392,S/944,4773,0.115717,0,0,1,Invariable
24395,S/945,4773,0.279566,0.4115,0,0.298941,Neutral
24398,S/946,4773,1.5801,0.50501,0,0.342882,Neutral
24401,S/947,4773,0.185382,0,0,1,Invariable
24404,S/948,4773,0.530375,0.767677,0,0.154207,Neutral
24407,S/949,4773,0.399828,0.708987,0,0.333984,Neutral
24410,S/950,4773,7.714,1.37642,9.6449,0.000404993,Diversifying
24413,S/951,4773,0.563451,0.73201,0,0.175885,Neutral
24416,S/952,4773,1.05918,1.18342,0,0.0839463,Neutral
24419,S/953,4773,0.669039,0.838061,0,0.205002,Neutral
24422,S/954,4773,3.43574,1.57323,3.61814,0.279601,Neutral
24425,S/955,4773,0.467776,0.710571,0,0.275127,Neutral
24428,S/956,4773,0.827102,1.35741,0,0.0710745,Neutral
24431,S/957,4773,3.82218,4.40773,2.42519,0.455179,Neutral
24434,S/958,4773,0.510034,0.236103,0,0.440174,Neutral
24437,S/959,4773,0.876036,1.1979,0,0.14799,Neutral
24440,S/960,4773,1.34418,1.48946,0,0.0920987,Neutral
24443,S/961,4773,1.59741,0.748587,0,0.190543,Neutral
24446,S/962,4773,0.147795,0.216573,0,0.449873,Neutral
24449,S/963,4773,0.28461,0.404091,0,0.325114,Neutral
24452,S/964,4773,0.563615,0,0,1,Invariable
24455,S/965,4773,0.43068,0.810029,0,0.309595,Neutral
24458,S/966,4773,0.585785,0.860414,0,0.132932,Neutral
24461,S/967,4773,0.149211,0.198588,0,0.475589,Neutral
24464,S/968,4773,0.632645,0.648148,0,0.185439,Neutral
24467,S/969,4773,3.48384,1.2344,4.24696,0.120075,Neutral
24470,S/970,4773,0.366021,0.593665,0,0.223585,Neutral
24473,S/971,4773,0.301159,0.442578,0,0.295816,Neutral
24476,S/972,4773,0.276308,0.548931,0,0.274224,Neutral
24479,S/973,4773,0.180833,0.270821,0,0.448668,Neutral
24482,S/974,4773,0.629265,0.959702,0,0.165389,Neutral
24485,S/975,4773,0,0,0,1,Invariable
24488,S/976,4773,0.28049,0.223467,0,0.465618,Neutral
24491,S/977,4773,1.30465,1.82843,0,0.0833023,Neutral
24494,S/978,4773,1.06682,0.711704,1.01616,0.779075,Neutral
24497,S/979,4773,1.88875,3.13531,0,0.0127714,Purifying
24500,S/980,4773,0.614048,0.585799,0,0.254338,Neutral
24503,S/981,4773,1.5846,0.642794,1.9877,0.182614,Neutral
24506,S/982,4773,1.86867,0.68719,0.84921,0.868599,Neutral
24509,S/983,4773,0.455276,0.46097,0.631194,0.798586,Neutral
24512,S/984,4773,0.808336,1.1815,0,0.0779269,Neutral
24515,S/985,4773,0.732185,0.586466,0,0.242049,Neutral
24518,S/986,4773,0.960097,1.45258,0,0.154109,Neutral
24521,S/987,4773,0.437475,0.632884,0,0.220974,Neutral
24524,S/988,4773,0.193761,0.29804,0,0.423531,Neutral
24527,S/989,4773,0.261802,0.372305,0,0.326669,Neutral
24530,S/990,4773,1.35251,2.23527,0,0.0776906,Neutral
24533,S/991,4773,0.54062,0.373672,0,0.333038,Neutral
24536,S/992,4773,0.631952,0.81359,0,0.310224,Neutral
24539,S/993,4773,1.11992,1.1914,0.808316,0.717918,Neutral
24542,S/994,4773,1.15498,1.61007,0,0.0707245,Neutral
24545,S/995,4773,0.304286,0.466429,0,0.255628,Neutral
24548,S/996,4773,0.676852,0.943968,0,0.114263,Neutral
24551,S/997,4773,0.379146,0.290478,0,0.421069,Neutral
24554,S/998,4773,0.586541,0.700279,0,0.228804,Neutral
24557,S/999,4773,0.302166,0.228594,0,0.437013,Neutral
24560,S/1000,4773,1.4351,2.27809,0,0.0364617,Purifying
24563,S/1001,4773,0.6648,0.966889,0,0.111052,Neutral
24566,S/1002,4773,0.572033,1.1229,0,0.235887,Neutral
24569,S/1003,4773,0.123573,0,0,1,Invariable
24572,S/1004,4773,0.699263,0.616632,0,0.213218,Neutral
24575,S/1005,4773,0.897743,0.928353,0,0.17147,Neutral
24578,S/1006,4773,2.49928,2.32084,0,0.029898,Purifying
24581,S/1007,4773,0.464106,0.714626,0,0.270192,Neutral
24584,S/1008,4773,0.546957,0.703777,0,0.182926,Neutral
24587,S/1009,4773,1.73616,0.813387,0,0.185745,Neutral
24590,S/1010,4773,0.430634,0.817214,0,0.309642,Neutral
24593,S/1011,4773,0.80583,1.45665,0,0.168816,Neutral
24596,S/1012,4773,0.156457,0.208415,0,0.542829,Neutral
24599,S/1013,4773,0.178894,0.268827,0,0.451965,Neutral
24602,S/1014,4773,1.11468,0.406261,0,0.378962,Neutral
24605,S/1015,4773,0.529462,0.812188,0,0.154894,Neutral
24608,S/1016,4773,0.6572,0.701453,0,0.195173,Neutral
24611,S/1017,4773,0.56387,0.70842,0,0.315566,Neutral
24614,S/1018,4773,0.550384,0.504726,0,0.290669,Neutral
24617,S/1019,4773,0.710497,1.18183,0,0.126074,Neutral
24620,S/1020,4773,5.3652,0.771489,2.8084,0.0818926,Neutral
24623,S/1021,4773,0.857604,0.904398,0,0.132758,Neutral
24626,S/1022,4773,0.254055,0.199962,0,0.47411,Neutral
24629,S/1023,4773,0.753165,0.340916,0,0.448722,Neutral
24632,S/1024,4773,0.409262,0.420026,0,0.296301,Neutral
24635,S/1025,4773,0.281879,0.409787,0,0.305622,Neutral
24638,S/1026,4773,0.76234,0.814605,0,0.154897,Neutral
24641,S/1027,4773,1.70796,0.445099,4.08822,0.00527078,Diversifying
24644,S/1028,4773,0.386098,0.71463,0,0.316718,Neutral
24647,S/1029,4773,0.0865628,1.72923,0,0.92959,Neutral
24650,S/1030,4773,1.07623,1.70103,0,0.0673441,Neutral
24653,S/1031,4773,0.193715,0,0.788536,0.107144,Neutral
24656,S/1032,4773,0.197933,0.331091,0,0.367217,Neutral
24659,S/1033,4773,0.435163,0.703506,0,0.209924,Neutral
24662,S/1034,4773,0.549224,0.474183,0,0.263418,Neutral
24665,S/1035,4773,0.624917,0.949401,0,0.176446,Neutral
24668,S/1036,4773,0,0,0,1,Invariable
24671,S/1037,4773,1.21805,1.34305,0.845239,0.670381,Neutral
24674,S/1038,4773,1.46792,2.63666,0,0.0615214,Neutral
24677,S/1039,4773,1.29031,2.24169,0,0.0373689,Purifying
24680,S/1040,4773,0.518789,0.372464,0,0.343479,Neutral
24683,S/1041,4773,0,0,0,1,Invariable
24686,S/1042,4773,0.199397,0.340377,0,0.364099,Neutral
24689,S/1043,4773,0.199397,0.340377,0,0.364178,Neutral
24692,S/1044,4773,1.10792,1.68581,0,0.0715299,Neutral
24695,S/1045,4773,1.82642,1.54374,1.59187,0.977009,Neutral
24698,S/1046,4773,0.666166,0.841592,0,0.134149,Neutral
24701,S/1047,4773,0.481861,0.449844,0,0.378765,Neutral
24704,S/1048,4773,0.645851,1.1099,0,0.1185,Neutral
24707,S/1049,4773,0.719126,0.657063,0.671976,0.981757,Neutral
24710,S/1050,4773,0.173233,0.0512325,0,1,Neutral
24713,S/1051,4773,0.54869,0.696518,0,0.171009,Neutral
24716,S/1052,4773,0.477844,0.337191,0,0.327169,Neutral
24719,S/1053,4773,1.33354,2.01404,0,0.0179352,Purifying
24722,S/1054,4773,1.17127,1.58787,0,0.0750106,Neutral
24725,S/1055,4773,1.31887,1.36009,0,0.100684,Neutral
24728,S/1056,4773,0.579828,0.947695,0,0.131059,Neutral
24731,S/1057,4773,0.575545,0.863905,0,0.120836,Neutral
24734,S/1058,4773,1.53071,0.915705,0.722509,0.839306,Neutral
24737,S/1059,4773,0.139698,0.199512,0,0.479301,Neutral
24740,S/1060,4773,1.98183,2.61592,0,0.0160712,Purifying
24743,S/1061,4773,1.18393,1.4907,0,0.0514045,Neutral
24746,S/1062,4773,1.20958,1.6296,0,0.032472,Purifying
24749,S/1063,4773,1.18509,0.804056,0,0.143715,Neutral
24752,S/1064,4773,0,0,0,1,Invariable
24755,S/1065,4773,2.3971,1.62337,0,0.0449318,Purifying
24758,S/1066,4773,1.20375,0.877221,0,0.168836,Neutral
24761,S/1067,4773,0.623551,0.916102,0,0.205862,Neutral
24764,S/1068,4773,0.887519,0.367248,0.741185,0.560871,Neutral
24767,S/1069,4773,0.304201,0.46189,0,0.258006,Neutral
24770,S/1070,4773,2.59138,1.01737,0.685034,0.725535,Neutral
24773,S/1071,4773,3.21002,3.69267,1.20642,0.262204,Neutral
24776,S/1072,4773,0.18387,0,0,1,Invariable
24779,S/1073,4773,3.46642,1.40293,2.40895,0.489808,Neutral
24782,S/1074,4773,0.980255,0.465295,0.983477,0.537511,Neutral
24785,S/1075,4773,0.262442,0.343593,0,0.322001,Neutral
24788,S/1076,4773,1.35774,1.02139,0,0.147933,Neutral
24791,S/1077,4773,0.713005,0.410243,0,0.343219,Neutral
24794,S/1078,4773,4.15797,0.994572,4.18662,0.0230523,Diversifying
24797,S/1079,4773,0.87914,0.854926,0,0.123818,Neutral
24800,S/1080,4773,0.374932,0.178018,0,0.482739,Neutral
24803,S/1081,4773,0.923278,0.734416,0,0.208685,Neutral
24806,S/1082,4773,0.199397,0.340377,0,0.364172,Neutral
24809,S/1083,4773,0.695186,0.915944,0,0.148056,Neutral
24812,S/1084,4773,2.94012,1.71871,0,0.131732,Neutral
24815,S/1085,4773,1.26246,0.283647,0,0.477354,Neutral
24818,S/1086,4773,1.87859,1.39932,1.10029,0.844633,Neutral
24821,S/1087,4773,1.65397,0.697097,0,0.196758,Neutral
24824,S/1088,4773,0.551297,0.231652,0,0.437945,Neutral
24827,S/1089,4773,0.261415,0.453781,0,0.295975,Neutral
24830,S/1090,4773,0.703751,0.903181,0,0.112762,Neutral
24833,S/1091,4773,1.72475,1.32949,1.25665,0.95606,Neutral
24836,S/1092,4773,1.71901,2.23252,0,0.0777869,Neutral
24839,S/1093,4773,0.139637,0.199512,0,0.479363,Neutral
24842,S/1094,4773,0.94924,1.03627,0,0.104313,Neutral
24845,S/1095,4773,0.373474,0.453682,0,0.295902,Neutral
24848,S/1096,4773,0.723279,0.638653,0.740815,0.898715,Neutral
24851,S/1097,4773,1.11144,0.649348,0,0.264438,Neutral
24854,S/1098,4773,1.14646,0.915701,0,0.212198,Neutral
24857,S/1099,4773,1.09949,0.277254,0,0.391638,Neutral
24860,S/1100,4773,1.12219,1.33354,0,0.101566,Neutral
24863,S/1101,4773,4.62341,2.36332,3.04317,0.656486,Neutral
24866,S/1102,4773,0.107345,0.137123,0,1,Neutral
24869,S/1103,4773,0.341673,0,0,1,Invariable
24872,S/1104,4773,3.93752,0.702653,3.0649,0.0995995,Neutral
24875,S/1105,4773,0.44806,0.702631,0,0.228701,Neutral
24878,S/1106,4773,1.09816,1.6519,0,0.147391,Neutral
24881,S/1107,4773,0.796919,1.23784,0,0.0652949,Neutral
24884,S/1108,4773,0.34816,0,0,1,Invariable
24887,S/1109,4773,0.325007,0.339406,0,0.364811,Neutral
24890,S/1110,4773,2.43323,3.53587,0,0.0145583,Purifying
24893,S/1111,4773,1.13443,0,0,1,Invariable
24896,S/1112,4773,1.17412,1.69572,0,0.0368649,Purifying
24899,S/1113,4773,2.57476,2.02989,0,0.116913,Neutral
24902,S/1114,4773,4.38191,3.4529,0.864482,0.0855312,Neutral
24905,S/1115,4773,0.744511,0.270059,0,0.448987,Neutral
24908,S/1116,4773,1.35987,1.31697,0,0.0899669,Neutral
24911,S/1117,4773,4.547,1.31564,3.31507,0.209721,Neutral
24914,S/1118,4773,1.85101,0.370363,2.8468,0.0175731,Diversifying
24917,S/1119,4773,1.02691,1.07521,0,0.151246,Neutral
24920,S/1120,4773,1.29907,1.60657,0,0.069206,Neutral
24923,S/1121,4773,0.721129,1.04436,0,0.112465,Neutral
24926,S/1122,4773,3.64228,1.92261,2.23858,0.813711,Neutral
24929,S/1123,4773,0.618064,0.903238,0,0.132453,Neutral
24932,S/1124,4773,3.10149,0.202535,2.83385,0.00684563,Diversifying
24935,S/1125,4773,0.690951,0.231867,0.867345,0.420674,Neutral
24938,S/1126,4773,0.520508,0.717515,0,0.191577,Neutral
24941,S/1127,4773,1.15999,0.916284,0,0.170186,Neutral
24944,S/1128,4773,0.799512,0.199774,0.73936,0.374178,Neutral
24947,S/1129,4773,0.89406,0.606935,0,0.2424,Neutral
24950,S/1130,4773,1.14779,1.08745,0,0.152721,Neutral
24953,S/1131,4773,0.676844,1.03273,0,0.159044,Neutral
24956,S/1132,4773,1.30234,0.902904,0,0.171098,Neutral
24959,S/1133,4773,1.32348,0.748739,0.740613,0.997213,Neutral
24962,S/1134,4773,0.712865,0.465935,0,0.343663,Neutral
24965,S/1135,4773,0.525007,0.230915,0,0.505395,Neutral
24968,S/1136,4773,0.726041,0.702217,0,0.228752,Neutral
24971,S/1137,4773,0.393532,0.200421,0,0.488691,Neutral
24974,S/1138,4773,0.633507,0.71577,0,0.269921,Neutral
24977,S/1139,4773,1.96864,0.914877,0.820622,0.928421,Neutral
24980,S/1140,4773,1.11187,1.68572,0,0.0307522,Purifying
24983,S/1141,4773,0.457261,0.294125,0,0.373654,Neutral
24986,S/1142,4773,0.793753,0.703922,0,0.336347,Neutral
24989,S/1143,4773,1.30887,0.835795,0,0.127309,Neutral
24992,S/1144,4773,3.34669,2.79845,0,0.0501824,Neutral
24995,S/1145,4773,1.11542,1.57955,0,0.112209,Neutral
24998,S/1146,4773,9.0507,9.87087,0.812647,0.000106996,Purifying
25001,S/1147,4773,2.21676,3.04986,0,0.0146168,Purifying
25004,S/1148,4773,1.68944,2.10499,0,0.0148212,Purifying
25007,S/1149,4773,1.90405,2.55038,0,0.020099,Purifying
25010,S/1150,4773,2.25335,1.12216,0.501974,0.550099,Neutral
25013,S/1151,4773,1.01423,0.620033,0.77623,0.847601,Neutral
25016,S/1152,4773,1.04994,1.43192,0,0.113257,Neutral
25019,S/1153,4773,2.29768,0.676488,0.825703,0.873574,Neutral
25022,S/1154,4773,0.959149,1.45245,0,0.153964,Neutral
25025,S/1155,4773,1.08078,0.790882,0,0.2419,Neutral
25028,S/1156,4773,0.261415,0.453781,0,0.295975,Neutral
25031,S/1157,4773,1.40266,1.54742,0,0.0710656,Neutral
25034,S/1158,4773,0.411568,0.593688,0,0.311787,Neutral
25037,S/1159,4773,1.196,1.13665,0,0.109075,Neutral
25040,S/1160,4773,0.542689,0.626585,0,0.254582,Neutral
25043,S/1161,4773,0.553695,0.622708,0,0.26375,Neutral
25046,S/1162,4773,5.5704,0.930146,4.09814,0.0310027,Diversifying
25049,S/1163,4773,2.25008,1.25298,1.64129,0.762119,Neutral
25052,S/1164,4773,1.43808,1.09035,0,0.109911,Neutral
25055,S/1165,4773,0.863787,0,0,1,Invariable
25058,S/1166,4773,0.543136,0.747628,0,0.263737,Neutral
25061,S/1167,4773,1.3364,0.520151,2.12509,0.110728,Neutral
25064,S/1168,4773,1.29632,0.951394,0,0.13649,Neutral
25067,S/1169,4773,0.75084,0.385205,0,0.355348,Neutral
25070,S/1170,4773,0.830194,0.682732,0,0.191046,Neutral
25073,S/1171,4773,1.73803,0.836163,0,0.137916,Neutral
25076,S/1172,4773,1.38788,1.87957,0,0.0464749,Purifying
25079,S/1173,4773,1.25127,1.60781,0,0.0991862,Neutral
25082,S/1174,4773,0.781313,0.633735,0,0.205261,Neutral
25085,S/1175,4773,0.548206,0.61095,0,0.267461,Neutral
25088,S/1176,4773,3.63622,0.48287,3.01724,0.0253585,Diversifying
25091,S/1177,4773,1.38221,0.947005,1.47338,0.635086,Neutral
25094,S/1178,4773,3.29314,3.31078,0,0.0122823,Purifying
25097,S/1179,4773,0.525129,0.592221,0,0.264448,Neutral
25100,S/1180,4773,0.825979,0,0,1,Invariable
25103,S/1181,4773,2.36319,3.05411,1.09008,0.319454,Neutral
25106,S/1182,4773,1.0238,1.70983,0,0.130065,Neutral
25109,S/1183,4773,0.788803,0.557295,0,0.277439,Neutral
25112,S/1184,4773,0.88033,0.654165,0.798792,0.859787,Neutral
25115,S/1185,4773,1.34859,0.559584,1.03228,0.551627,Neutral
25118,S/1186,4773,0.229002,0,0,1,Invariable
25121,S/1187,4773,1.96158,1.25267,0.908444,0.784288,Neutral
25124,S/1188,4773,1.20326,0.386636,0,0.368105,Neutral
25127,S/1189,4773,0.684534,0.21527,0,0.478783,Neutral
25130,S/1190,4773,0.428468,0.396443,0,0.296598,Neutral
25133,S/1191,4773,2.08364,0.925513,0.793421,0.890492,Neutral
25136,S/1192,4773,0.895181,0.82895,0,0.241688,Neutral
25139,S/1193,4773,0.817352,1.11498,0,0.162559,Neutral
25142,S/1194,4773,0.640346,0.711002,0,0.275249,Neutral
25145,S/1195,4773,2.37385,2.30865,0,0.077609,Neutral
25148,S/1196,4773,0.614844,0.921481,0,0.131886,Neutral
25151,S/1197,4773,0.369584,0.468771,0,0.248822,Neutral
25154,S/1198,4773,0.667797,0.833387,0,0.174066,Neutral
25157,S/1199,4773,2.31369,1.83008,1.64919,0.90115,Neutral
25160,S/1200,4773,1.6336,1.63171,0,0.0326481,Purifying
25163,S/1201,4773,5.46489,3.01968,4.80461,0.527663,Neutral
25166,S/1202,4773,4.23379,1.55876,1.09188,0.774413,Neutral
25169,S/1203,4773,0.504646,0.564224,0,0.220954,Neutral
25172,S/1204,4773,0.971658,1.03186,0,0.159184,Neutral
25175,S/1205,4773,0.88656,0.296454,0,0.425826,Neutral
25178,S/1206,4773,1.47299,1.98373,0,0.0654844,Neutral
25181,S/1207,4773,2.11866,0.910809,0,0.162302,Neutral
25184,S/1208,4773,2.61837,1.26077,0,0.113368,Neutral
25187,S/1209,4773,0.534269,0.79963,0,0.239992,Neutral
25190,S/1210,4773,0.654776,0.913305,0,0.184376,Neutral
25193,S/1211,4773,0.414784,0.810029,0,0.292799,Neutral
25196,S/1212,4773,0,0.116703,0,1,Neutral
25199,S/1213,4773,0.495819,0.674239,0,0.186149,Neutral
25202,S/1214,4773,0,0.116703,0,1,Neutral
25205,S/1215,4773,2.28475,2.88919,0,0.0196042,Purifying
25208,S/1216,4773,1.01259,0.890413,0,0.171057,Neutral
25211,S/1217,4773,0.107393,0.13709,0,1,Neutral
25214,S/1218,4773,0.485843,0.604347,0,0.291068,Neutral
25217,S/1219,4773,3.09502,0.415603,2.12278,0.0777734,Neutral
25220,S/1220,4773,0.408237,0.714501,0,0.191512,Neutral
25223,S/1221,4773,0.417493,0,0.811289,0.166911,Neutral
25226,S/1222,4773,1.42966,1.39957,0,0.059028,Neutral
25229,S/1223,4773,0.467507,0.288677,0,0.380346,Neutral
25232,S/1224,4773,1.63726,0.775048,0,0.156772,Neutral
25235,S/1225,4773,0.625555,0.277909,0,0.447729,Neutral
25238,S/1226,4773,0.892463,0.69009,0,0.169662,Neutral
25241,S/1227,4773,0.272837,0.489922,0,0.331381,Neutral
25244,S/1228,4773,3.14993,0.626936,0.833534,0.823794,Neutral
25247,S/1229,4773,1.81274,0,0.509844,0.724061,Neutral
25250,S/1230,4773,1.88715,1.10407,0,0.0971828,Neutral
25253,S/1231,4773,1.35801,0.924126,0,0.166361,Neutral
25256,S/1232,4773,1.37373,0.538594,0,0.284882,Neutral
25259,S/1233,4773,0.173262,0.0512325,0,1,Neutral
25262,S/1234,4773,0.485816,0.210615,0,0.4577,Neutral
25265,S/1235,4773,1.32369,0.225942,1.38222,0.0896102,Neutral
25268,S/1236,4773,1.33865,0.712793,0,0.191846,Neutral
25271,S/1237,4773,3.80428,123.009,2.04644,0.0156674,Purifying
25274,S/1238,4773,2.87221,3.43566,0,0.00486461,Purifying
25277,S/1239,4773,0.797406,0.338511,0.72534,0.59894,Neutral
25280,S/1240,4773,0.831993,0.465154,0,0.263825,Neutral
25283,S/1241,4773,0.311437,0.339946,0,0.364108,Neutral
25286,S/1242,4773,1.2006,0.595239,0.729447,0.869892,Neutral
25289,S/1243,4773,2.78994,1.81835,1.32928,0.700202,Neutral
25292,S/1244,4773,0.793746,0.277098,0,0.376474,Neutral
25295,S/1245,4773,1.13198,0.908752,0,0.163572,Neutral
25298,S/1246,4773,1.49896,1.4443,0,0.0500034,Neutral
25301,S/1247,4773,2.3665,0,0.722092,0.132439,Neutral
25304,S/1248,4773,0.928783,0.797194,0,0.163831,Neutral
25307,S/1249,4773,0.466782,0.460235,0.694075,0.74397,Neutral
25310,S/1250,4773,1.64971,0.787018,0,0.165819,Neutral
25313,S/1251,4773,2.25494,1.6423,1.77911,0.93039,Neutral
25316,S/1252,4773,2.82452,0.879054,1.40241,0.570085,Neutral
25319,S/1253,4773,0.793282,0.573338,0,0.215556,Neutral
25322,S/1254,4773,0.566554,0.585923,0,0.210318,Neutral
25325,S/1255,4773,1.5414,2.24266,0,0.078568,Neutral
25328,S/1256,4773,0.180894,0.29223,0,0.393505,Neutral
25331,S/1257,4773,1.78513,2.72936,0,0.0201021,Purifying
25334,S/1258,4773,3.72514,0.8911,2.18806,0.449863,Neutral
25337,S/1259,4773,3.32817,1.57722,4.01374,0.103174,Neutral
25340,S/1260,4773,2.93631,0.2144,1.61372,0.0650153,Neutral
25343,S/1261,4773,1.26001,1.1554,0,0.0905379,Neutral
25346,S/1262,4773,0.739463,0.520104,0,0.299008,Neutral
25349,S/1263,4773,4.50697,1.67285,2.50092,0.557684,Neutral
25352,S/1264,4773,7.83732,1.45184,8.39455,0.000149011,Diversifying
25355,S/1265,4773,1.49376,0.493199,1.33766,0.282595,Neutral
25358,S/1266,4773,1.92145,0.666189,1.09699,0.736903,Neutral
25361,S/1267,4773,1.05916,0.929337,0,0.180565,Neutral
25364,S/1268,4773,0.749306,0.46055,0,0.278166,Neutral
25367,S/1269,4773,0.959941,1.45292,0,0.153993,Neutral
25370,S/1270,4773,0.87391,0.966084,0,0.195409,Neutral
25373,S/1271,4773,0.124008,0,0,1,Invariable
25376,S/1272,4773,2.05875,1.3192,0.999069,0.779936,Neutral
25379,S/1273,4773,2.2422,1.6006,0,0.0708533,Neutral